<?xml version="1.0" encoding="UTF-8"?>
<project-private xmlns="http://www.netbeans.org/ns/project-private/1">
    <editor-bookmarks xmlns="http://www.netbeans.org/ns/editor-bookmarks/2" lastBookmarkId="0"/>
    <open-files xmlns="http://www.netbeans.org/ns/projectui-open-files/2">
        <group>
            <file>file:/D:/Program/openserver/OpenServer/domains/maxzam/views/layouts/header.php</file>
            <file>file:/D:/Program/openserver/OpenServer/domains/maxzam/controllers/SiteController.php</file>
            <file>file:/D:/Program/openserver/OpenServer/domains/maxzam/config/routes.php</file>
            <file>file:/D:/Program/openserver/OpenServer/domains/maxzam/controllers/SearchController.php</file>
            <file>file:/D:/Program/openserver/OpenServer/domains/maxzam/views/user/login.php</file>
        </group>
    </open-files>
</project-private>
